{
  "load1_ac_voltage": {
    "mean": 6.05676177656278e-05,
    "std": 0.3235486149787903
  },
  "load1_ac_current": {
    "mean": -5.330216026777634e-06,
    "std": 0.04428831487894058
  },
  "load1_active_power": {
    "mean": -0.00510272616520524,
    "std": 15.240248680114746
  },
  "load1_frequency": {
    "mean": 7.730340598754992e-07,
    "std": 0.007253106217831373
  },
  "battery_voltage": {
    "mean": -4.528624685917748e-06,
    "std": 0.00826579425483942
  },
  "battery_current": {
    "mean": -6.335193575068843e-06,
    "std": 0.030120201408863068
  },
  "battery_soc": {
    "mean": -2.608657950986526e-06,
    "std": 0.052347876131534576
  }
}