{
  "load1_ac_voltage": {
    "mean": 6.606120587093756e-05,
    "std": 0.3141162097454071
  },
  "load1_ac_current": {
    "mean": -4.182951215625508e-06,
    "std": 0.04307824745774269
  },
  "load1_active_power": {
    "mean": -0.003981226123869419,
    "std": 14.77403736114502
  },
  "load1_frequency": {
    "mean": -1.2007263876512297e-06,
    "std": 0.006680136546492577
  },
  "battery_voltage": {
    "mean": 6.767368745386193e-07,
    "std": 0.00833374634385109
  },
  "battery_current": {
    "mean": 1.5107037825146108e-06,
    "std": 0.029354309663176537
  },
  "battery_soc": {
    "mean": 4.0006502786127385e-06,
    "std": 0.05062372609972954
  }
}